<?xml version="1.0" encoding="UTF-8" standalone="no"?>
<ServerSettings DomainId="3E7DBCE00AC0D7160E0B8CF286E31374">
  <CommConf>
    <AgentCommunicationSetting AlwaysConnect="1" CommunicationMode="PULL" DisableDownloadProfile="0" Kcs="D1EEFC77EE68BF91A76448EBDF0D27EC" PullHeartbeatSeconds="1800" PushHeartbeatSeconds="300" UploadCmdStateHeartbeatSeconds="300" UploadLearnedApp="0" UploadLogHeartbeatSeconds="300" UploadOpStateHeartbeatSeconds="300"/>
    <LogSetting MaxLogRecords="100" SendingLogAllowed="1" UploadProcessLog="1" UploadRawLog="1" UploadSecurityLog="1" UploadSystemLog="1" UploadTrafficLog="1"/>
    <RegisterClient PreferredGroup="My Company\Servers" PreferredMode="1"/>
    <ServerList FreezeSmsList="0" Name="Default Management Server List for Site SYM-MGT-002-WP">
      <ServerPriorityBlock Name="List0">
        <Server Address="10.192.215.22" HttpsPort="443" Protocol="HTTPS" VerifySignatures="1"/>
        <Server Address="SYM-MGT-002-WP" HttpsPort="443" Protocol="HTTPS" VerifySignatures="1"/>
        <Server Address="SYM-MGT-002-WP.domestic.guitarcenter.com" HttpsPort="443" Protocol="HTTPS" VerifySignatures="1"/>
      </ServerPriorityBlock>
    </ServerList>
    <ServerCertList>
      <Certificate Name="SYM-MGT-002-WP">-----BEGIN CERTIFICATE-----
MIIEKzCCAxOgAwIBAgIQQr7osEPd0EtgLbLots/bjzANBgkqhkiG9w0BAQsFADCBiTGBhjAJBgNV&#13;
BAYTAlVTMAkGA1UECAwCQ0EwCgYDVQQLDANFU0cwFAYDVQQHDA1Nb3VudGFpbiBWaWV3MBsGA1UE&#13;
CgwUU3ltYW50ZWMgQ29ycG9yYXRpb24wLwYDVQQDDChTWU0tTUdULTAwMi1XUC5kb21lc3RpYy5n&#13;
dWl0YXJjZW50ZXIuY29tMB4XDTE3MDUwNjE3Mzg0OFoXDTI3MDYwMzE3Mzg0OFowgYkxgYYwCQYD&#13;
VQQGEwJVUzAJBgNVBAgMAkNBMAoGA1UECwwDRVNHMBQGA1UEBwwNTW91bnRhaW4gVmlldzAbBgNV&#13;
BAoMFFN5bWFudGVjIENvcnBvcmF0aW9uMC8GA1UEAwwoU1lNLU1HVC0wMDItV1AuZG9tZXN0aWMu&#13;
Z3VpdGFyY2VudGVyLmNvbTCCASIwDQYJKoZIhvcNAQEBBQADggEPADCCAQoCggEBAOuV/IBo/WWU&#13;
3ICTrwzHV/eOgKZk3mOiO4EpOpom3eygEE3SSb5mY1w2ZvbmqH1/rxlIz/pO5l13f7KZTUwTG3UL&#13;
jy6Z8MNelZNiDIVNj+dsm5brApbXMx0iQdXLOy9+UdJXejFUGbuR3o6c2Sxp0u1slDgWZ6UKw2aT&#13;
2CU7mIyhgoVR3XDxNPXEKcPQ5Z3AcJUVgShxzkISZWA8M5c0YyIdOhhxmvwnU40sN7q61AZUUnzD&#13;
I03Ek8jFew9MFvq9+WAiWgMdLLUla/FJWcxeQaMbFXx4KiJpV/KM/tekHI0NxTSyPV7XCn+EzFhJ&#13;
BmvCtyvPiSWHlLBdotCzCw9IjF8CAwEAAaOBjDCBiTCBhgYDVR0RBH8wfYIoU1lNLU1HVC0wMDIt&#13;
V1AuZG9tZXN0aWMuZ3VpdGFyY2VudGVyLmNvbYIOU1lNLU1HVC0wMDItV1CHBArA1xaCDTEwLjE5&#13;
Mi4yMTUuMjKHEP6AAAAAAAAAAABe/grA1xaCGmZlODA6MDowOjA6MDo1ZWZlOmFjMDpkNzE2MA0G&#13;
CSqGSIb3DQEBCwUAA4IBAQBI/AZ2D4d6a6sQv5YCxkKaTO0kWpxM1En/yEHDYfT7wCqouapNpMwc&#13;
Lagwn5Qo/5Fc43vFXcc8jNn1DZOKhH7n3YTJXISYQ18KghpbyjWWNQMiKPCQril/EJ7OKO7JH67l&#13;
DlblADNN7FNCUi53bCjEHHR36aeQ7OUryjMZeL/X1yF+4oY/Slm32Pc4SXkNE3l0pU0bSA/1OwZd&#13;
IO07jbXyZGA6jEUSXBLEFahJXLFa1sjMH1p/SAPsaYh3lM7T6kU0qxN4ZvL//8wjKiy2DW2ye9jH&#13;
qBh+nQ8zdquZH7O0Clug5eA7V0DHspUx86NaxAjNgtjTqqAB8c57If2Gbs/j&#13;
-----END CERTIFICATE-----</Certificate>
    </ServerCertList>
  </CommConf>
</ServerSettings>
